{
  "project_info": {
    "project_number": "801362473491",
    "firebase_url": "https://ladmu3pract2.firebaseio.com",
    "project_id": "ladmu3pract2",
    "storage_bucket": "ladmu3pract2.appspot.com"
  },
  "client": [
    {
      "client_info": {
        "mobilesdk_app_id": "1:801362473491:android:6a59bd3b05f639a4df45e6",
        "android_client_info": {
          "package_name": "mx.edu.ittepic.ladm_u3_pract2"
        }
      },
      "oauth_client": [
        {
          "client_id": "801362473491-ehclu75of16uebl1jlu8rcm9nntue71n.apps.googleusercontent.com",
          "client_type": 3
        }
      ],
      "api_key": [
        {
          "current_key": "AIzaSyC4lTILAxpYvMrjiiPz7okhxvsaxMA6_fw"
        }
      ],
      "services": {
        "appinvite_service": {
          "other_platform_oauth_client": [
            {
              "client_id": "801362473491-ehclu75of16uebl1jlu8rcm9nntue71n.apps.googleusercontent.com",
              "client_type": 3
            }
          ]
        }
      }
    }
  ],
  "configuration_version": "1"
}